GivenName,Surname,Department,City,State,SamAccountName,UserprincipalName,Name,DisplayName
Robert,Martinez,Projects,Columbia,SC,RoMartinez,RoMartinez@KMW.local,Robert Martinez,Robert Martinez
Louise,Wood,Management,Columbia,SC,LoWood,LoWood@KMW.local,Louise Wood,Louise Wood
Kimberly,Fisher,Projects,Columbia,SC,KiFisher,KiFisher@KMW.local,Kimberly Fisher,Kimberly Fisher
Jessica,Williams,Projects,Columbia,SC,JeWilliams,JeWilliams@KMW.local,Jessica Williams,Jessica Williams
Clifford,Ramos,Projects,Columbia,SC,ClRamos,ClRamos@KMW.local,Clifford Ramos,Clifford Ramos
Linda,Fritz,Projects,Columbia,SC,LiFritz,LiFritz@KMW.local,Linda Fritz,Linda Fritz
Janet,Richard,Projects,Columbia,SC,JaRichard,JaRichard@KMW.local,Janet Richard,Janet Richard
Stanley,Rocha,Projects,Columbia,SC,StRocha,StRocha@KMW.local,Stanley Rocha,Stanley Rocha
Mary,Hopkins,Projects,Columbia,SC,MaHopkins,MaHopkins@KMW.local,Mary Hopkins,Mary Hopkins
Harold,Davis,Projects,Columbia,SC,HaDavis,HaDavis@KMW.local,Harold Davis,Harold Davis
Richard,Atkinson,Management,Columbia,SC,RiAtkinson,RiAtkinson@KMW.local,Richard Atkinson,Richard Atkinson
Eric,Erickson,Projects,Columbia,SC,ErErickson,ErErickson@KMW.local,Eric Erickson,Eric Erickson
Martha,Martinez,Projects,Columbia,SC,MaMartinez,MaMartinez@KMW.local,Martha Martinez,Martha Martinez
Christopher,Burton,Projects,Columbia,SC,ChBurton,ChBurton@KMW.local,Christopher Burton,Christopher Burton
Dorothy,Cisneros,Administration,Columbia,SC,DoCisneros,DoCisneros@KMW.local,Dorothy Cisneros,Dorothy Cisneros
Irene,Fleming,Projects,Columbia,SC,IrFleming,IrFleming@KMW.local,Irene Fleming,Irene Fleming
Susan,Obrien,Projects,Columbia,SC,SuObrien,SuObrien@KMW.local,Susan Obrien,Susan Obrien
Elizabeth,Blankenship,Projects,Columbia,SC,ElBlankenship,ElBlankenship@KMW.local,Elizabeth Blankenship,Elizabeth Blankenship
Nancy,Young,Projects,Columbia,SC,NaYoung,NaYoung@KMW.local,Nancy Young,Nancy Young
Johnny,Banks,Projects,Columbia,SC,JoBanks,JoBanks@KMW.local,Johnny Banks,Johnny Banks
Roy,Fernandez,Management,Columbia,SC,RoFernandez,RoFernandez@KMW.local,Roy Fernandez,Roy Fernandez
Vincent,Powers,Projects,Columbia,SC,ViPowers,ViPowers@KMW.local,Vincent Powers,Vincent Powers
Jennifer,Thompson,Projects,Columbia,SC,JeThompson,JeThompson@KMW.local,Jennifer Thompson,Jennifer Thompson
Dennis,Liu,Management,Columbia,SC,DeLiu,DeLiu@KMW.local,Dennis Liu,Dennis Liu
Patricia,Harris,Projects,Columbia,SC,PaHarris,PaHarris@KMW.local,Patricia Harris,Patricia Harris
Henry,Powers,Projects,Columbia,SC,HePowers,HePowers@KMW.local,Henry Powers,Henry Powers
Dennis,Fisher,Projects,Columbia,SC,DeFisher,DeFisher@KMW.local,Dennis Fisher,Dennis Fisher
Victoria,Freeman,Projects,Columbia,SC,ViFreeman,ViFreeman@KMW.local,Victoria Freeman,Victoria Freeman
Carol,Dean,Projects,Columbia,SC,CaDean,CaDean@KMW.local,Carol Dean,Carol Dean
Marie,Petersen,Projects,Columbia,SC,MaPetersen,MaPetersen@KMW.local,Marie Petersen,Marie Petersen
Nathan,Olson,Projects,Columbia,SC,NaOlson,NaOlson@KMW.local,Nathan Olson,Nathan Olson
Maria,Lawson,Projects,Columbia,SC,MaLawson,MaLawson@KMW.local,Maria Lawson,Maria Lawson
Herman,Anthony,Projects,Columbia,SC,HeAnthony,HeAnthony@KMW.local,Herman Anthony,Herman Anthony
Patricia,Russell,Projects,Columbia,SC,PaRussell,PaRussell@KMW.local,Patricia Russell,Patricia Russell
Michael,Leach,Projects,Columbia,SC,MiLeach,MiLeach@KMW.local,Michael Leach,Michael Leach
Shirley,Sparks,Projects,Columbia,SC,ShSparks,ShSparks@KMW.local,Shirley Sparks,Shirley Sparks
Peter,Hodges,Projects,Columbia,SC,PeHodges,PeHodges@KMW.local,Peter Hodges,Peter Hodges
Amanda,Clark,Projects,Columbia,SC,AmClark,AmClark@KMW.local,Amanda Clark,Amanda Clark
Christopher,Parker,Projects,Columbia,SC,ChParker,ChParker@KMW.local,Christopher Parker,Christopher Parker
Elizabeth,Campbell,Projects,Columbia,SC,ElCampbell,ElCampbell@KMW.local,Elizabeth Campbell,Elizabeth Campbell
Patricia,Tucker,Projects,Columbia,SC,PaTucker,PaTucker@KMW.local,Patricia Tucker,Patricia Tucker
Mary,Turner,Projects,Columbia,SC,MaTurner,MaTurner@KMW.local,Mary Turner,Mary Turner
Beverly,Mueller,Projects,Columbia,SC,BeMueller,BeMueller@KMW.local,Beverly Mueller,Beverly Mueller
Mary,Rubio,Projects,Columbia,SC,MaRubio,MaRubio@KMW.local,Mary Rubio,Mary Rubio
Russell,Johnson,Projects,Columbia,SC,RuJohnson,RuJohnson@KMW.local,Russell Johnson,Russell Johnson
Gary,Clark,Projects,Columbia,SC,GaClark,GaClark@KMW.local,Gary Clark,Gary Clark
Brian,Davis,Projects,Columbia,SC,BrDavis,BrDavis@KMW.local,Brian Davis,Brian Davis
Nancy,Bauer,Projects,Columbia,SC,NaBauer,NaBauer@KMW.local,Nancy Bauer,Nancy Bauer
Lisa,Butler,Management,Columbia,SC,LiButler,LiButler@KMW.local,Lisa Butler,Lisa Butler
Linda,Evans,Projects,Columbia,SC,LiEvans,LiEvans@KMW.local,Linda Evans,Linda Evans
Mary,Campbell,Projects,Columbia,SC,MaCampbell,MaCampbell@KMW.local,Mary Campbell,Mary Campbell
Alexander,Gonzalez,Management,Columbia,SC,AlGonzalez,AlGonzalez@KMW.local,Alexander Gonzalez,Alexander Gonzalez
David,Cannon,Management,Columbia,SC,DaCannon,DaCannon@KMW.local,David Cannon,David Cannon
Alan,Moore,Projects,Columbia,SC,AlMoore,AlMoore@KMW.local,Alan Moore,Alan Moore
Elizabeth,Johnson,Projects,Columbia,SC,ElJohnson,ElJohnson@KMW.local,Elizabeth Johnson,Elizabeth Johnson
Susan,Morales,Projects,Columbia,SC,SuMorales,SuMorales@KMW.local,Susan Morales,Susan Morales
Angela,Thomas,Projects,Columbia,SC,AnThomas,AnThomas@KMW.local,Angela Thomas,Angela Thomas
Mary,Stephens,Projects,Columbia,SC,MaStephens,MaStephens@KMW.local,Mary Stephens,Mary Stephens
Steven,Jordan,Projects,Columbia,SC,StJordan,StJordan@KMW.local,Steven Jordan,Steven Jordan
Sarah,Gamble,Management,Columbia,SC,SaGamble,SaGamble@KMW.local,Sarah Gamble,Sarah Gamble
Barbara,Lara,Projects,Columbia,SC,BaLara,BaLara@KMW.local,Barbara Lara,Barbara Lara
Ronald,Thomas,Projects,Columbia,SC,RoThomas,RoThomas@KMW.local,Ronald Thomas,Ronald Thomas
Ray,Wood,Projects,Columbia,SC,RaWood,RaWood@KMW.local,Ray Wood,Ray Wood
Helen,Webb,Projects,Columbia,SC,HeWebb,HeWebb@KMW.local,Helen Webb,Helen Webb
Mary,Roberts,Management,Columbia,SC,MaRoberts,MaRoberts@KMW.local,Mary Roberts,Mary Roberts
Kenneth,Pitts,Projects,Columbia,SC,KePitts,KePitts@KMW.local,Kenneth Pitts,Kenneth Pitts
Carol,Contreras,Projects,Columbia,SC,CaContreras,CaContreras@KMW.local,Carol Contreras,Carol Contreras
Cynthia,Thomas,Projects,Columbia,SC,CyThomas,CyThomas@KMW.local,Cynthia Thomas,Cynthia Thomas
Ronald,Brown,Projects,Columbia,SC,RoBrown,RoBrown@KMW.local,Ronald Brown,Ronald Brown
Walter,Hansen,Projects,Columbia,SC,WaHansen,WaHansen@KMW.local,Walter Hansen,Walter Hansen
Jose,Thompson,Administration,Columbia,SC,JoThompson,JoThompson@KMW.local,Jose Thompson,Jose Thompson
Mary,Moore,Projects,Columbia,SC,MaMoore,MaMoore@KMW.local,Mary Moore,Mary Moore
Edgar,Austin,Projects,Columbia,SC,EdAustin,EdAustin@KMW.local,Edgar Austin,Edgar Austin
Richard,Frey,Management,Columbia,SC,RiFrey,RiFrey@KMW.local,Richard Frey,Richard Frey
James,Thomas,Projects,Columbia,SC,JaThomas,JaThomas@KMW.local,James Thomas,James Thomas
Donald,Jones,Projects,Columbia,SC,DoJones,DoJones@KMW.local,Donald Jones,Donald Jones
Joshua,James,Projects,Columbia,SC,JoJames,JoJames@KMW.local,Joshua James,Joshua James
Mary,Mcclain,Projects,Columbia,SC,MaMcclain,MaMcclain@KMW.local,Mary Mcclain,Mary Mcclain
Maria,Brown,Projects,Columbia,SC,MaBrown,MaBrown@KMW.local,Maria Brown,Maria Brown
Stanley,Dougherty,Projects,Columbia,SC,StDougherty,StDougherty@KMW.local,Stanley Dougherty,Stanley Dougherty
Donna,Melton,Management,Columbia,SC,DoMelton,DoMelton@KMW.local,Donna Melton,Donna Melton
Alex,Waller,Projects,Columbia,SC,AlWaller,AlWaller@KMW.local,Alex Waller,Alex Waller
Andrew,Smith,Projects,Columbia,SC,AnSmith,AnSmith@KMW.local,Andrew Smith,Andrew Smith
Linda,Burnett,Projects,Columbia,SC,LiBurnett,LiBurnett@KMW.local,Linda Burnett,Linda Burnett
Bonnie,Perry,Administration,Columbia,SC,BoPerry,BoPerry@KMW.local,Bonnie Perry,Bonnie Perry
Joseph,Anderson,Projects,Columbia,SC,JoAnderson,JoAnderson@KMW.local,Joseph Anderson,Joseph Anderson
Barbara,Brown,Projects,Columbia,SC,BaBrown,BaBrown@KMW.local,Barbara Brown,Barbara Brown
John,Coleman,Projects,Columbia,SC,JoColeman,JoColeman@KMW.local,John Coleman,John Coleman
James,Ramos,Projects,Columbia,SC,JaRamos,JaRamos@KMW.local,James Ramos,James Ramos
Steve,Webb,Projects,Columbia,SC,StWebb,StWebb@KMW.local,Steve Webb,Steve Webb
Eugene,Alexander,Projects,Columbia,SC,EuAlexander,EuAlexander@KMW.local,Eugene Alexander,Eugene Alexander
Albert,Smith,Projects,Columbia,SC,AlSmith,AlSmith@KMW.local,Albert Smith,Albert Smith
James,Johnston,Projects,Columbia,SC,JaJohnston,JaJohnston@KMW.local,James Johnston,James Johnston
George,Moreno,Projects,Columbia,SC,GeMoreno,GeMoreno@KMW.local,George Moreno,George Moreno
Sarah,Turner,Projects,Columbia,SC,SaTurner,SaTurner@KMW.local,Sarah Turner,Sarah Turner
John,Welch,Projects,Columbia,SC,JoWelch,JoWelch@KMW.local,John Welch,John Welch
Mary,Scott,Projects,Columbia,SC,MaScott,MaScott@KMW.local,Mary Scott,Mary Scott
John,Nelson,Projects,Columbia,SC,JoNelson,JoNelson@KMW.local,John Nelson,John Nelson
Mary,Romero,Projects,Columbia,SC,MaRomero,MaRomero@KMW.local,Mary Romero,Mary Romero
Joel,Adams,Projects,Columbia,SC,JoAdams,JoAdams@KMW.local,Joel Adams,Joel Adams
Ruth,Lowe,Projects,Columbia,SC,RuLowe,RuLowe@KMW.local,Ruth Lowe,Ruth Lowe
David,Stewart,Projects,Columbia,SC,DaStewart,DaStewart@KMW.local,David Stewart,David Stewart
John,Santos,Projects,Columbia,SC,JoSantos,JoSantos@KMW.local,John Santos,John Santos
Robert,Jones,Management,Columbia,SC,RoJones,RoJones@KMW.local,Robert Jones,Robert Jones
Nathan,Cantrell,Projects,Columbia,SC,NaCantrell,NaCantrell@KMW.local,Nathan Cantrell,Nathan Cantrell
Sara,Baker,Projects,Columbia,SC,SaBaker,SaBaker@KMW.local,Sara Baker,Sara Baker
Margaret,Santiago,Projects,Columbia,SC,MaSantiago,MaSantiago@KMW.local,Margaret Santiago,Margaret Santiago
Patricia,Thomas,Projects,Columbia,SC,PaThomas,PaThomas@KMW.local,Patricia Thomas,Patricia Thomas
Patricia,George,Projects,Columbia,SC,PaGeorge,PaGeorge@KMW.local,Patricia George,Patricia George
Timothy,Savage,Projects,Columbia,SC,TiSavage,TiSavage@KMW.local,Timothy Savage,Timothy Savage
James,Fletcher,Projects,Columbia,SC,JaFletcher,JaFletcher@KMW.local,James Fletcher,James Fletcher
Mary,Freeman,Management,Columbia,SC,MaFreeman,MaFreeman@KMW.local,Mary Freeman,Mary Freeman
Donna,Mora,Administration,Columbia,SC,DoMora,DoMora@KMW.local,Donna Mora,Donna Mora
Patricia,Hoffman,Projects,Columbia,SC,PaHoffman,PaHoffman@KMW.local,Patricia Hoffman,Patricia Hoffman
Sam,Ray,Administration,Columbia,SC,SaRay,SaRay@KMW.local,Sam Ray,Sam Ray
Linda,Dixon,Projects,Greensboro,NC,LiDixon,LiDixon@KMW.local,Linda Dixon,Linda Dixon
Joel,Rodriguez,Projects,Greensboro,NC,JoRodriguez,JoRodriguez@KMW.local,Joel Rodriguez,Joel Rodriguez
Michael,Ross,Projects,Greensboro,NC,MiRoss,MiRoss@KMW.local,Michael Ross,Michael Ross
Miguel,Fisher,Management,Greensboro,NC,MiFisher,MiFisher@KMW.local,Miguel Fisher,Miguel Fisher
Jonathan,Liu,Projects,Greensboro,NC,JoLiu,JoLiu@KMW.local,Jonathan Liu,Jonathan Liu
Patricia,Castro,Projects,Greensboro,NC,PaCastro,PaCastro@KMW.local,Patricia Castro,Patricia Castro
Elizabeth,Perez,Projects,Greensboro,NC,ElPerez,ElPerez@KMW.local,Elizabeth Perez,Elizabeth Perez
Mary,Reyes,Projects,Greensboro,NC,MaReyes,MaReyes@KMW.local,Mary Reyes,Mary Reyes
Anthony,Bartlett,Projects,Greensboro,NC,AnBartlett,AnBartlett@KMW.local,Anthony Bartlett,Anthony Bartlett
Mary,Howe,Projects,Greensboro,NC,MaHowe,MaHowe@KMW.local,Mary Howe,Mary Howe
Kenneth,Warren,Projects,Greensboro,NC,KeWarren,KeWarren@KMW.local,Kenneth Warren,Kenneth Warren
Lori,Noble,Projects,Greensboro,NC,LoNoble,LoNoble@KMW.local,Lori Noble,Lori Noble
Yolanda,Krueger,Projects,Greensboro,NC,YoKrueger,YoKrueger@KMW.local,Yolanda Krueger,Yolanda Krueger
James,Hart,Projects,Greensboro,NC,JaHart,JaHart@KMW.local,James Hart,James Hart
Frank,Hill,Administration,Greensboro,NC,FrHill,FrHill@KMW.local,Frank Hill,Frank Hill
Philip,Ward,Projects,Greensboro,NC,PhWard,PhWard@KMW.local,Philip Ward,Philip Ward
Robert,Wood,Projects,Greensboro,NC,RoWood,RoWood@KMW.local,Robert Wood,Robert Wood
Tina,Edwards,Projects,Greensboro,NC,TiEdwards,TiEdwards@KMW.local,Tina Edwards,Tina Edwards
Sara,Cook,Projects,Greensboro,NC,SaCook,SaCook@KMW.local,Sara Cook,Sara Cook
Edwin,Gonzales,Projects,Greensboro,NC,EdGonzales,EdGonzales@KMW.local,Edwin Gonzales,Edwin Gonzales
David,Walker,Projects,Greensboro,NC,DaWalker,DaWalker@KMW.local,David Walker,David Walker
Christopher,Walsh,Projects,Greensboro,NC,ChWalsh,ChWalsh@KMW.local,Christopher Walsh,Christopher Walsh
Michael,Cross,Projects,Greensboro,NC,MiCross,MiCross@KMW.local,Michael Cross,Michael Cross
Nicole,Mora,Projects,Greensboro,NC,NiMora,NiMora@KMW.local,Nicole Mora,Nicole Mora
Mary,Richardson,Management,Greensboro,NC,MaRichardson,MaRichardson@KMW.local,Mary Richardson,Mary Richardson
Matthew,Thompson,Projects,Greensboro,NC,MaThompson,MaThompson@KMW.local,Matthew Thompson,Matthew Thompson
Paul,Rodriguez,Projects,Greensboro,NC,PaRodriguez,PaRodriguez@KMW.local,Paul Rodriguez,Paul Rodriguez
Ronnie,Ferguson,Projects,Greensboro,NC,RoFerguson,RoFerguson@KMW.local,Ronnie Ferguson,Ronnie Ferguson
Thomas,Mcclure,Projects,Greensboro,NC,ThMcclure,ThMcclure@KMW.local,Thomas Mcclure,Thomas Mcclure
George,Cowan,Projects,Greensboro,NC,GeCowan,GeCowan@KMW.local,George Cowan,George Cowan
Loretta,King,Management,Greensboro,NC,LoKing,LoKing@KMW.local,Loretta King,Loretta King
Maria,Moreno,Management,Greensboro,NC,MaMoreno,MaMoreno@KMW.local,Maria Moreno,Maria Moreno
Tracy,Thomas,Projects,Greensboro,NC,TrThomas,TrThomas@KMW.local,Tracy Thomas,Tracy Thomas
Mary,Flores,Projects,Greensboro,NC,MaFlores,MaFlores@KMW.local,Mary Flores,Mary Flores
Marvin,Bond,Projects,Greensboro,NC,MaBond,MaBond@KMW.local,Marvin Bond,Marvin Bond
Nancy,Brown,Projects,Greensboro,NC,NaBrown,NaBrown@KMW.local,Nancy Brown,Nancy Brown
Scott,Caldwell,Projects,Greensboro,NC,ScCaldwell,ScCaldwell@KMW.local,Scott Caldwell,Scott Caldwell
Dorothy,Duarte,Projects,Greensboro,NC,DoDuarte,DoDuarte@KMW.local,Dorothy Duarte,Dorothy Duarte
Nicholas,Morris,Projects,Greensboro,NC,NiMorris,NiMorris@KMW.local,Nicholas Morris,Nicholas Morris
David,Salazar,Projects,Greensboro,NC,DaSalazar,DaSalazar@KMW.local,David Salazar,David Salazar
Leonard,Christensen,Projects,Greensboro,NC,LeChristensen,LeChristensen@KMW.local,Leonard Christensen,Leonard Christensen
Maria,Canderson,Projects,Greensboro,NC,MaCanderson,MaCanderson@KMW.local,Maria Canderson,Maria Canderson
Sam,Moore,Projects,Greensboro,NC,SaMoore,SaMoore@KMW.local,Sam Moore,Sam Moore
Linda,Gray,Projects,Greensboro,NC,LiGray,LiGray@KMW.local,Linda Gray,Linda Gray
Mary,Johnson,Projects,Greensboro,NC,MaJohnson,MaJohnson@KMW.local,Mary Johnson,Mary Johnson
Ricardo,Rogers,Projects,Greensboro,NC,RiRogers,RiRogers@KMW.local,Ricardo Rogers,Ricardo Rogers
Michael,Alexander,Projects,Greensboro,NC,MiAlexander,MiAlexander@KMW.local,Michael Alexander,Michael Alexander
Richard,Andersen,Projects,Greensboro,NC,RiAndersen,RiAndersen@KMW.local,Richard Andersen,Richard Andersen
Laura,Carson,Projects,Greensboro,NC,LaCarson,LaCarson@KMW.local,Laura Carson,Laura Carson
Kimberly,Davis,Projects,Greensboro,NC,KiDavis,KiDavis@KMW.local,Kimberly Davis,Kimberly Davis
Ethel,Lewis,Management,Greensboro,NC,EtLewis,EtLewis@KMW.local,Ethel Lewis,Ethel Lewis
John,Jackson,Projects,Greensboro,NC,JoJackson,JoJackson@KMW.local,John Jackson,John Jackson
Carolyn,Elliott,Management,Greensboro,NC,CaElliott,CaElliott@KMW.local,Carolyn Elliott,Carolyn Elliott
Mary,Solomon,Projects,Greensboro,NC,MaSolomon,MaSolomon@KMW.local,Mary Solomon,Mary Solomon
Margaret,Evans,Projects,Greensboro,NC,MaEvans,MaEvans@KMW.local,Margaret Evans,Margaret Evans
Robert,Stevens,Projects,Greensboro,NC,RoStevens,RoStevens@KMW.local,Robert Stevens,Robert Stevens
Rita,Gay,Management,Greensboro,NC,RiGay,RiGay@KMW.local,Rita Gay,Rita Gay
Marie,Gutierrez,Projects,Greensboro,NC,MaGutierrez,MaGutierrez@KMW.local,Marie Gutierrez,Marie Gutierrez
Virginia,Howard,Projects,Greensboro,NC,ViHoward,ViHoward@KMW.local,Virginia Howard,Virginia Howard
Michael,Johnson,Projects,Greensboro,NC,MiJohnson,MiJohnson@KMW.local,Michael Johnson,Michael Johnson
Carrie,Thomas,Management,Greensboro,NC,CaThomas,CaThomas@KMW.local,Carrie Thomas,Carrie Thomas
Eric,Mills,Projects,Greensboro,NC,ErMills,ErMills@KMW.local,Eric Mills,Eric Mills
Barbara,Kemp,Projects,Greensboro,NC,BaKemp,BaKemp@KMW.local,Barbara Kemp,Barbara Kemp
Susan,Gross,Projects,Greensboro,NC,SuGross,SuGross@KMW.local,Susan Gross,Susan Gross
Lisa,Anderson,Projects,Greensboro,NC,LiAnderson,LiAnderson@KMW.local,Lisa Anderson,Lisa Anderson
Donna,Murray,Projects,Greensboro,NC,DoMurray,DoMurray@KMW.local,Donna Murray,Donna Murray
William,Salazar,Projects,Greensboro,NC,WiSalazar,WiSalazar@KMW.local,William Salazar,William Salazar
Jennifer,Allen,Projects,Greensboro,NC,JeAllen,JeAllen@KMW.local,Jennifer Allen,Jennifer Allen
Robert,Norton,Management,Greensboro,NC,RoNorton,RoNorton@KMW.local,Robert Norton,Robert Norton
Donna,Gentry,Projects,Greensboro,NC,DoGentry,DoGentry@KMW.local,Donna Gentry,Donna Gentry
Thomas,Newman,Projects,Greensboro,NC,ThNewman,ThNewman@KMW.local,Thomas Newman,Thomas Newman
Rick,Davis,Projects,Greensboro,NC,RiDavis,RiDavis@KMW.local,Rick Davis,Rick Davis
Dorothy,Adams,Administration,Greensboro,NC,DoAdams,DoAdams@KMW.local,Dorothy Adams,Dorothy Adams
Shirley,Morris,Administration,Greensboro,NC,ShMorris,ShMorris@KMW.local,Shirley Morris,Shirley Morris
Linda,Contreras,Projects,Greensboro,NC,LiContreras,LiContreras@KMW.local,Linda Contreras,Linda Contreras
Sam,Lopez,Projects,Greensboro,NC,SaLopez,SaLopez@KMW.local,Sam Lopez,Sam Lopez
Mary,Malone,Projects,Greensboro,NC,MaMalone,MaMalone@KMW.local,Mary Malone,Mary Malone
Susan,Smith,Projects,Greensboro,NC,SuSmith,SuSmith@KMW.local,Susan Smith,Susan Smith
William,Li,Projects,Greensboro,NC,WiLi,WiLi@KMW.local,William Li,William Li
Deborah,Cantu,Projects,Greensboro,NC,DeCantu,DeCantu@KMW.local,Deborah Cantu,Deborah Cantu
Shirley,Silva,Projects,Greensboro,NC,ShSilva,ShSilva@KMW.local,Shirley Silva,Shirley Silva
Joan,Lamb,Projects,Greensboro,NC,JoLamb,JoLamb@KMW.local,Joan Lamb,Joan Lamb
Jeffrey,Jones,Projects,Greensboro,NC,JeJones,JeJones@KMW.local,Jeffrey Jones,Jeffrey Jones
Mary,Salinas,Projects,Greensboro,NC,MaSalinas,MaSalinas@KMW.local,Mary Salinas,Mary Salinas
Nancy,Jackson,Projects,Greensboro,NC,NaJackson,NaJackson@KMW.local,Nancy Jackson,Nancy Jackson
Melissa,Trujillo,Projects,Greensboro,NC,MeTrujillo,MeTrujillo@KMW.local,Melissa Trujillo,Melissa Trujillo
Benjamin,Murray,Projects,Greensboro,NC,BeMurray,BeMurray@KMW.local,Benjamin Murray,Benjamin Murray
Linda,White,Projects,Greensboro,NC,LiWhite,LiWhite@KMW.local,Linda White,Linda White
Brenda,Jordan,Projects,Greensboro,NC,BrJordan,BrJordan@KMW.local,Brenda Jordan,Brenda Jordan
Eric,Barry,Projects,Greensboro,NC,ErBarry,ErBarry@KMW.local,Eric Barry,Eric Barry
Leo,Howe,Projects,Greensboro,NC,LeHowe,LeHowe@KMW.local,Leo Howe,Leo Howe
Norman,Strickland,Management,Greensboro,NC,NoStrickland,NoStrickland@KMW.local,Norman Strickland,Norman Strickland
Betty,Andrews,Projects,Greensboro,NC,BeAndrews,BeAndrews@KMW.local,Betty Andrews,Betty Andrews
Joseph,Kramer,Projects,Greensboro,NC,JoKramer,JoKramer@KMW.local,Joseph Kramer,Joseph Kramer
Susan,Klein,Projects,Greensboro,NC,SuKlein,SuKlein@KMW.local,Susan Klein,Susan Klein
Rosa,Owens,Projects,Greensboro,NC,RoOwens,RoOwens@KMW.local,Rosa Owens,Rosa Owens
Nancy,Robles,Projects,Greensboro,NC,NaRobles,NaRobles@KMW.local,Nancy Robles,Nancy Robles
Patricia,Cannon,Projects,Greensboro,NC,PaCannon,PaCannon@KMW.local,Patricia Cannon,Patricia Cannon
Margaret,Haynes,Administration,Greensboro,NC,MaHaynes,MaHaynes@KMW.local,Margaret Haynes,Margaret Haynes
Kenneth,Moody,Projects,Greensboro,NC,KeMoody,KeMoody@KMW.local,Kenneth Moody,Kenneth Moody
Susan,Lewis,Projects,Greensboro,NC,SuLewis,SuLewis@KMW.local,Susan Lewis,Susan Lewis
Brian,Mcintyre,Projects,Greensboro,NC,BrMcintyre,BrMcintyre@KMW.local,Brian Mcintyre,Brian Mcintyre
Henry,Mann,Projects,Greensboro,NC,HeMann,HeMann@KMW.local,Henry Mann,Henry Mann
Albert,Johnson,Projects,Greensboro,NC,AlJohnson,AlJohnson@KMW.local,Albert Johnson,Albert Johnson
Laura,Benton,Management,Greensboro,NC,LaBenton,LaBenton@KMW.local,Laura Benton,Laura Benton
William,Mccullough,Projects,Greensboro,NC,WiMccullough,WiMccullough@KMW.local,William Mccullough,William Mccullough
Alan,Shaffer,Management,Greensboro,NC,AlShaffer,AlShaffer@KMW.local,Alan Shaffer,Alan Shaffer
Wallace,Wilson,Projects,Greensboro,NC,WaWilson,WaWilson@KMW.local,Wallace Wilson,Wallace Wilson
Denise,Lewis,Projects,Greensboro,NC,DeLewis,DeLewis@KMW.local,Denise Lewis,Denise Lewis
Earl,Keller,Projects,Greensboro,NC,EaKeller,EaKeller@KMW.local,Earl Keller,Earl Keller
Ann,Wagner,Projects,Greensboro,NC,AnWagner,AnWagner@KMW.local,Ann Wagner,Ann Wagner
Merry,Dixon,Projects,Greensboro,NC,MeDixon,MeDixon@KMW.local,Merry Dixon,Merry Dixon
Mary,Smith,Projects,Greensboro,NC,MaSmith,MaSmith@KMW.local,Mary Smith,Mary Smith
George,Miller,Projects,Greensboro,NC,GeMiller,GeMiller@KMW.local,George Miller,George Miller
Brenda,Jackson,Management,Greenville,SC,BrJackson,BrJackson@KMW.local,Brenda Jackson,Brenda Jackson
Virginia,Lawrence,Projects,Greenville,VA,ViLawrence,ViLawrence@KMW.local,Virginia Lawrence,Virginia Lawrence
John,Ferguson,Projects,Greenville,SC,JoFerguson,JoFerguson@KMW.local,John Ferguson,John Ferguson
Albert,Carr,Management,Greenville,SC,AlCarr,AlCarr@KMW.local,Albert Carr,Albert Carr
Ruth,Dunlap,Projects,Greenville,SC,RuDunlap,RuDunlap@KMW.local,Ruth Dunlap,Ruth Dunlap
Linda,Lee,Projects,Greenville,SC,LiLee,LiLee@KMW.local,Linda Lee,Linda Lee
Joe,Petty,Projects,Greenville,SC,JoPetty,JoPetty@KMW.local,Joe Petty,Joe Petty
Richard,Stokes,Management,Greenville,SC,RiStokes,RiStokes@KMW.local,Richard Stokes,Richard Stokes
Mary,Dixon,Projects,Greenville,SC,MaDixon,MaDixon@KMW.local,Mary Dixon,Mary Dixon
William,Chen,Management,Greenville,SC,WiChen,WiChen@KMW.local,William Chen,William Chen
Gloria,Mejia,Projects,Greenville,SC,GlMejia,GlMejia@KMW.local,Gloria Mejia,Gloria Mejia
Linda,Pierce,Projects,Greenville,SC,LiPierce,LiPierce@KMW.local,Linda Pierce,Linda Pierce
Michael,Jordan,Management,Greenville,SC,MiJordan,MiJordan@KMW.local,Michael Jordan,Michael Jordan
Michael,Williams,Projects,Greenville,SC,MiWilliams,MiWilliams@KMW.local,Michael Williams,Michael Williams
Joseph,Richards,Administration,Greenville,SC,JoRichards,JoRichards@KMW.local,Joseph Richards,Joseph Richards
Ruth,Miller,Projects,Greenville,SC,RuMiller,RuMiller@KMW.local,Ruth Miller,Ruth Miller
Karen,Robles,Administration,Greenville,SC,KaRobles,KaRobles@KMW.local,Karen Robles,Karen Robles
Harry,Maynard,Management,Greenville,SC,HaMaynard,HaMaynard@KMW.local,Harry Maynard,Harry Maynard
Jennifer,Wong,Projects,Greenville,SC,JeWong,JeWong@KMW.local,Jennifer Wong,Jennifer Wong
Melissa,Schwartz,Projects,Greenville,SC,MeSchwartz,MeSchwartz@KMW.local,Melissa Schwartz,Melissa Schwartz
Arthur,Browning,Projects,Greenville,SC,ArBrowning,ArBrowning@KMW.local,Arthur Browning,Arthur Browning
Debra,Hess,Projects,Greenville,SC,DeHess,DeHess@KMW.local,Debra Hess,Debra Hess
Manuel,Sims,Projects,Greenville,SC,MaSims,MaSims@KMW.local,Manuel Sims,Manuel Sims
Sandra,Garcia,Projects,Greenville,SC,SaGarcia,SaGarcia@KMW.local,Sandra Garcia,Sandra Garcia
Sara,Galloway,Management,Greenville,SC,SaGalloway,SaGalloway@KMW.local,Sara Galloway,Sara Galloway
Ken,Morgan,Projects,Greenville,SC,KeMorgan,KeMorgan@KMW.local,Ken Morgan,Ken Morgan
Julie,Carter,Projects,Greenville,SC,JuCarter,JuCarter@KMW.local,Julie Carter,Julie Carter
Kathy,Fisher,Projects,Greenville,SC,KaFisher,KaFisher@KMW.local,Kathy Fisher,Kathy Fisher
Allen,Schroeder,Projects,Greenville,SC,AlSchroeder,AlSchroeder@KMW.local,Allen Schroeder,Allen Schroeder
Ruth,Martinez,Projects,Greenville,SC,RuMartinez,RuMartinez@KMW.local,Ruth Martinez,Ruth Martinez
Sharon,Oneill,Projects,Greenville,SC,ShOneill,ShOneill@KMW.local,Sharon Oneill,Sharon Oneill
Brandon,Holmes,Management,Greenville,SC,BrHolmes,BrHolmes@KMW.local,Brandon Holmes,Brandon Holmes
William,Terry,Projects,Greenville,SC,WiTerry,WiTerry@KMW.local,William Terry,William Terry
Lisa,Gregory,Projects,Greenville,SC,LiGregory,LiGregory@KMW.local,Lisa Gregory,Lisa Gregory
James,Mcdaniel,Projects,Greenville,SC,JaMcdaniel,JaMcdaniel@KMW.local,James Mcdaniel,James Mcdaniel
Robert,Mitchell,Projects,Greenville,SC,RoMitchell,RoMitchell@KMW.local,Robert Mitchell,Robert Mitchell
Julie,Wilson,Projects,Greenville,SC,JuWilson,JuWilson@KMW.local,Julie Wilson,Julie Wilson
Mary,Macias,Projects,Greenville,SC,MaMacias,MaMacias@KMW.local,Mary Macias,Mary Macias
Michael,Chung,Projects,Greenville,SC,MiChung,MiChung@KMW.local,Michael Chung,Michael Chung
Jessica,Cross,Projects,Greenville,SC,JeCross,JeCross@KMW.local,Jessica Cross,Jessica Cross
Andrew,Gonzalez,Projects,Greenville,SC,AnGonzalez,AnGonzalez@KMW.local,Andrew Gonzalez,Andrew Gonzalez
James,Pacheco,Management,Greenville,SC,JaPacheco,JaPacheco@KMW.local,James Pacheco,James Pacheco
Mary,Harding,Projects,Greenville,SC,MaHarding,MaHarding@KMW.local,Mary Harding,Mary Harding
Aaron,Holmes,Projects,Greenville,SC,AaHolmes,AaHolmes@KMW.local,Aaron Holmes,Aaron Holmes
Mary,Copeland,Projects,Greenville,SC,MaCopeland,MaCopeland@KMW.local,Mary Copeland,Mary Copeland
Jorge,Miller,Management,Greenville,SC,JoMiller,JoMiller@KMW.local,Jorge Miller,Jorge Miller
Anna,Brown,Projects,Greenville,SC,AnBrown,AnBrown@KMW.local,Anna Brown,Anna Brown
Diane,Williams,Projects,Greenville,SC,DiWilliams,DiWilliams@KMW.local,Diane Williams,Diane Williams
Sheila,Williams,Projects,Greenville,SC,ShWilliams,ShWilliams@KMW.local,Sheila Williams,Sheila Williams
Kevin,Campbell,Projects,Greenville,SC,KeCampbell,KeCampbell@KMW.local,Kevin Campbell,Kevin Campbell
Margaret,Cunningham,Projects,Greenville,SC,MaCunningham,MaCunningham@KMW.local,Margaret Cunningham,Margaret Cunningham
Mary,Bradley,Projects,Greenville,SC,MaBradley,MaBradley@KMW.local,Mary Bradley,Mary Bradley
Jack,Moran,Projects,Greenville,SC,JaMoran,JaMoran@KMW.local,Jack Moran,Jack Moran
Kimberly,Young,Management,Greenville,SC,KiYoung,KiYoung@KMW.local,Kimberly Young,Kimberly Young
William,Grant,Projects,Greenville,SC,WiGrant,WiGrant@KMW.local,William Grant,William Grant
Melissa,Morris,Projects,Greenville,SC,MeMorris,MeMorris@KMW.local,Melissa Morris,Melissa Morris
Michelle,Barrera,Projects,Greenville,SC,MiBarrera,MiBarrera@KMW.local,Michelle Barrera,Michelle Barrera
Mary,Robinson,Projects,Greenville,SC,MaRobinson,MaRobinson@KMW.local,Mary Robinson,Mary Robinson
Adam,Jacobs,Projects,Greenville,SC,AdJacobs,AdJacobs@KMW.local,Adam Jacobs,Adam Jacobs
David,Martinez,Projects,Greenville,SC,DaMartinez,DaMartinez@KMW.local,David Martinez,David Martinez
Susan,Sullivan,Management,Greenville,SC,SuSullivan,SuSullivan@KMW.local,Susan Sullivan,Susan Sullivan
Nancy,Washington,Projects,Greenville,SC,NaWashington,NaWashington@KMW.local,Nancy Washington,Nancy Washington
Denise,Manning,Projects,Greenville,SC,DeManning,DeManning@KMW.local,Denise Manning,Denise Manning
Nancy,Torres,Projects,Greenville,SC,NaTorres,NaTorres@KMW.local,Nancy Torres,Nancy Torres
Michelle,Lane,Projects,Greenville,SC,MiLane,MiLane@KMW.local,Michelle Lane,Michelle Lane
Carl,Sherman,Projects,Greenville,SC,CaSherman,CaSherman@KMW.local,Carl Sherman,Carl Sherman
Stephanie,Vaughn,Management,Greenville,SC,StVaughn,StVaughn@KMW.local,Stephanie Vaughn,Stephanie Vaughn
Yolanda,Walton,Projects,Greenville,SC,YoWalton,YoWalton@KMW.local,Yolanda Walton,Yolanda Walton
Timothy,Reyes,Projects,Greenville,SC,TiReyes,TiReyes@KMW.local,Timothy Reyes,Timothy Reyes
Patricia,Andrade,Management,Greenville,SC,PaAndrade,PaAndrade@KMW.local,Patricia Andrade,Patricia Andrade
Michael,Hodges,Projects,Greenville,SC,MiHodges,MiHodges@KMW.local,Michael Hodges,Michael Hodges
Dorothy,Perry,Projects,Greenville,SC,DoPerry,DoPerry@KMW.local,Dorothy Perry,Dorothy Perry
Guy,Cruz,Projects,Greenville,SC,GuCruz,GuCruz@KMW.local,Guy Cruz,Guy Cruz
Donna,Riley,Projects,Greenville,SC,DoRiley,DoRiley@KMW.local,Donna Riley,Donna Riley
Clifford,Tran,Projects,Greenville,SC,ClTran,ClTran@KMW.local,Clifford Tran,Clifford Tran
Donald,Jacobs,Projects,Greenville,SC,DoJacobs,DoJacobs@KMW.local,Donald Jacobs,Donald Jacobs
Gabriel,Burch,Projects,Greenville,SC,GaBurch,GaBurch@KMW.local,Gabriel Burch,Gabriel Burch
Brenda,Harris,Projects,Greenville,SC,BrHarris,BrHarris@KMW.local,Brenda Harris,Brenda Harris
Gary,Cantu,Projects,Greenville,SC,GaCantu,GaCantu@KMW.local,Gary Cantu,Gary Cantu
Mark,Miller,Projects,Greenville,SC,MaMiller,MaMiller@KMW.local,Mark Miller,Mark Miller
Edward,Douglas,Projects,Greenville,SC,EdDouglas,EdDouglas@KMW.local,Edward Douglas,Edward Douglas
Susan,Flores,Projects,Greenville,SC,SuFlores,SuFlores@KMW.local,Susan Flores,Susan Flores
John,Martinez,Projects,Greenville,SC,JoMartinez,JoMartinez@KMW.local,John Martinez,John Martinez
Ronald,Gallegos,Management,Greenville,SC,RoGallegos,RoGallegos@KMW.local,Ronald Gallegos,Ronald Gallegos
Matthew,Khan,Administration,Greenville,SC,MaKhan,MaKhan@KMW.local,Matthew Khan,Matthew Khan
James,Solomon,Projects,Greenville,SC,JaSolomon,JaSolomon@KMW.local,James Solomon,James Solomon
Martha,Jackson,Projects,Greenville,SC,MaJackson,MaJackson@KMW.local,Martha Jackson,Martha Jackson
James,Wilson,Projects,Greenville,SC,JaWilson,JaWilson@KMW.local,James Wilson,James Wilson
Derrick,Gallagher,Management,Greenville,SC,DeGallagher,DeGallagher@KMW.local,Derrick Gallagher,Derrick Gallagher
Luis,King,Projects,Greenville,SC,LuKing,LuKing@KMW.local,Luis King,Luis King
Linda,Allen,Projects,Greenville,SC,LiAllen,LiAllen@KMW.local,Linda Allen,Linda Allen
Maria,Anderson,Projects,Greenville,SC,MaAnderson,MaAnderson@KMW.local,Maria Anderson,Maria Anderson
Jennifer,Sharp,Projects,Greenville,SC,JeSharp,JeSharp@KMW.local,Jennifer Sharp,Jennifer Sharp
Merry,Roberts,Projects,Greenville,SC,MeRoberts,MeRoberts@KMW.local,Merry Roberts,Merry Roberts
Peter,Watkins,Projects,Greenville,SC,PeWatkins,PeWatkins@KMW.local,Peter Watkins,Peter Watkins
Lisa,Conley,Projects,Greenville,SC,LiConley,LiConley@KMW.local,Lisa Conley,Lisa Conley
Carol,Ayala,Projects,Greenville,SC,CaAyala,CaAyala@KMW.local,Carol Ayala,Carol Ayala
Mary,Kim,Projects,Greenville,SC,MaKim,MaKim@KMW.local,Mary Kim,Mary Kim
James,Sanchez,Projects,Greenville,SC,JaSanchez,JaSanchez@KMW.local,James Sanchez,James Sanchez
Tim,Miller,Projects,Greenville,SC,TiMiller,TiMiller@KMW.local,Tim Miller,Tim Miller
Sandra,Myers,Projects,Greenville,SC,SaMyers,SaMyers@KMW.local,Sandra Myers,Sandra Myers
Amy,Petersen,Projects,Greenville,SC,AmPetersen,AmPetersen@KMW.local,Amy Petersen,Amy Petersen
Martha,Lopez,Management,Greenville,SC,MaLopez,MaLopez@KMW.local,Martha Lopez,Martha Lopez
Betty,Campbell,Projects,Greenville,SC,BeCampbell,BeCampbell@KMW.local,Betty Campbell,Betty Campbell
Joanne,Oconnor,Projects,Greenville,SC,JoOconnor,JoOconnor@KMW.local,Joanne Oconnor,Joanne Oconnor
Sharon,Koch,Projects,Greenville,SC,ShKoch,ShKoch@KMW.local,Sharon Koch,Sharon Koch
Mildred,Pham,Projects,Greenville,SC,MiPham,MiPham@KMW.local,Mildred Pham,Mildred Pham
Laura,Stark,Projects,Greenville,SC,LaStark,LaStark@KMW.local,Laura Stark,Laura Stark
Nancy,Harmon,Projects,Greenville,SC,NaHarmon,NaHarmon@KMW.local,Nancy Harmon,Nancy Harmon
Edward,Moore,Projects,Greenville,SC,EdMoore,EdMoore@KMW.local,Edward Moore,Edward Moore
Mary,Mejia,Management,Greenville,SC,MaMejia,MaMejia@KMW.local,Mary Mejia,Mary Mejia
Michael,Peterson,Projects,Greenville,SC,MiPeterson,MiPeterson@KMW.local,Michael Peterson,Michael Peterson
Sharon,Fisher,Administration,Greenville,SC,ShFisher,ShFisher@KMW.local,Sharon Fisher,Sharon Fisher
Margaret,Barber,Administration,Greenville,SC,MaBarber,MaBarber@KMW.local,Margaret Barber,Margaret Barber
Wayne,Howard,Projects,Greenville,SC,WaHoward,WaHoward@KMW.local,Wayne Howard,Wayne Howard
Donna,Christian,Projects,Greenville,SC,DoChristian,DoChristian@KMW.local,Donna Christian,Donna Christian
Alice,Anderson,Projects,Greenville,SC,AlAnderson,AlAnderson@KMW.local,Alice Anderson,Alice Anderson
Charlotte,Turner,Projects,Greenville,SC,ChTurner,ChTurner@KMW.local,Charlotte Turner,Charlotte Turner
Debra,Vargas,Projects,Greenville,SC,DeVargas,DeVargas@KMW.local,Debra Vargas,Debra Vargas
Philip,Sutton,Projects,Greenville,SC,PhSutton,PhSutton@KMW.local,Philip Sutton,Philip Sutton
Joe,Taylor,Administration,Greenville,SC,JoTaylor,JoTaylor@KMW.local,Joe Taylor,Joe Taylor
Merry,Santiago,Projects,Greenville,SC,MeSantiago,MeSantiago@KMW.local,Merry Santiago,Merry Santiago
Susan,Garner,Projects,Greenville,SC,SuGarner,SuGarner@KMW.local,Susan Garner,Susan Garner
Susan,Cannon,Projects,Richmond,VA,SuCannon,SuCannon@KMW.local,Susan Cannon,Susan Cannon
Steven,Harris,Administration,Richmond,VA,StHarris,StHarris@KMW.local,Steven Harris,Steven Harris
Steven,Becker,Projects,Richmond,VA,StBecker,StBecker@KMW.local,Steven Becker,Steven Becker
Robert,Kelley,Projects,Richmond,VA,RoKelley,RoKelley@KMW.local,Robert Kelley,Robert Kelley
Carol,Ortega,Projects,Richmond,VA,CaOrtega,CaOrtega@KMW.local,Carol Ortega,Carol Ortega
Michael,Ruiz,Projects,Richmond,VA,MiRuiz,MiRuiz@KMW.local,Michael Ruiz,Michael Ruiz
Sylvia,Jacobs,Projects,Richmond,VA,SyJacobs,SyJacobs@KMW.local,Sylvia Jacobs,Sylvia Jacobs
Pamela,Lawrence,Projects,Richmond,VA,PaLawrence,PaLawrence@KMW.local,Pamela Lawrence,Pamela Lawrence
Chris,Mccoy,Projects,Richmond,VA,ChMccoy,ChMccoy@KMW.local,Chris Mccoy,Chris Mccoy
Tara,Gonzales,Projects,Richmond,VA,TaGonzales,TaGonzales@KMW.local,Tara Gonzales,Tara Gonzales
Jennifer,Garcia,Projects,Richmond,VA,JeGarcia,JeGarcia@KMW.local,Jennifer Garcia,Jennifer Garcia
Kimberly,Werner,Projects,Richmond,VA,KiWerner,KiWerner@KMW.local,Kimberly Werner,Kimberly Werner
Mary,Hernandez,Projects,Richmond,VA,MaHernandez,MaHernandez@KMW.local,Mary Hernandez,Mary Hernandez
Mary,Escobar,Projects,Richmond,VA,MaEscobar,MaEscobar@KMW.local,Mary Escobar,Mary Escobar
Manuel,Woodard,Projects,Richmond,VA,MaWoodard,MaWoodard@KMW.local,Manuel Woodard,Manuel Woodard
William,George,Projects,Richmond,VA,WiGeorge,WiGeorge@KMW.local,William George,William George
Kevin,Castillo,Administration,Richmond,VA,KeCastillo,KeCastillo@KMW.local,Kevin Castillo,Kevin Castillo
Patricia,Dillon,Projects,Richmond,VA,PaDillon,PaDillon@KMW.local,Patricia Dillon,Patricia Dillon
Howard,Peters,Projects,Richmond,VA,HoPeters,HoPeters@KMW.local,Howard Peters,Howard Peters
Lisa,Chang,Projects,Richmond,VA,LiChang,LiChang@KMW.local,Lisa Chang,Lisa Chang
Maria,Fuller,Projects,Richmond,VA,MaFuller,MaFuller@KMW.local,Maria Fuller,Maria Fuller
Susan,Oliver,Projects,Richmond,VA,SuOliver,SuOliver@KMW.local,Susan Oliver,Susan Oliver
Terrance,Lopez,Projects,Richmond,VA,TeLopez,TeLopez@KMW.local,Terrance Lopez,Terrance Lopez
Pamela,Adams,Projects,Richmond,VA,PaAdams,PaAdams@KMW.local,Pamela Adams,Pamela Adams
Joshua,Griffith,Projects,Richmond,VA,JoGriffith,JoGriffith@KMW.local,Joshua Griffith,Joshua Griffith
Todd,Chase,Projects,Richmond,VA,ToChase,ToChase@KMW.local,Todd Chase,Todd Chase
Rita,Carpenter,Management,Richmond,VA,RiCarpenter,RiCarpenter@KMW.local,Rita Carpenter,Rita Carpenter
Craig,Garcia,Projects,Richmond,VA,CrGarcia,CrGarcia@KMW.local,Craig Garcia,Craig Garcia
Sharon,Gibson,Projects,Richmond,VA,ShGibson,ShGibson@KMW.local,Sharon Gibson,Sharon Gibson
Kimberly,Santos,Projects,Richmond,VA,KiSantos,KiSantos@KMW.local,Kimberly Santos,Kimberly Santos
Amanda,Baker,Projects,Richmond,VA,AmBaker,AmBaker@KMW.local,Amanda Baker,Amanda Baker
Kimberly,Morton,Management,Richmond,VA,KiMorton,KiMorton@KMW.local,Kimberly Morton,Kimberly Morton
Lisa,Smith,Projects,Richmond,VA,LiSmith,LiSmith@KMW.local,Lisa Smith,Lisa Smith
Christine,Bridges,Management,Richmond,VA,ChBridges,ChBridges@KMW.local,Christine Bridges,Christine Bridges
Charles,Thomas,Projects,Richmond,VA,ChThomas,ChThomas@KMW.local,Charles Thomas,Charles Thomas
Adrian,Robinson,Projects,Richmond,VA,AdRobinson,AdRobinson@KMW.local,Adrian Robinson,Adrian Robinson
Ronnie,Hahn,Projects,Richmond,VA,RoHahn,RoHahn@KMW.local,Ronnie Hahn,Ronnie Hahn
Patricia,Jefferson,Projects,Richmond,VA,PaJefferson,PaJefferson@KMW.local,Patricia Jefferson,Patricia Jefferson
Elizabeth,Manning,Projects,Richmond,VA,ElManning,ElManning@KMW.local,Elizabeth Manning,Elizabeth Manning
Edward,Johnson,Projects,Richmond,VA,EdJohnson,EdJohnson@KMW.local,Edward Johnson,Edward Johnson
Mary,Nunez,Projects,Richmond,VA,MaNunez,MaNunez@KMW.local,Mary Nunez,Mary Nunez
Ruth,Jones,Projects,Richmond,VA,RuJones,RuJones@KMW.local,Ruth Jones,Ruth Jones
Sandra,Stanley,Projects,Richmond,VA,SaStanley,SaStanley@KMW.local,Sandra Stanley,Sandra Stanley
Juan,Hawkins,Projects,Richmond,VA,JuHawkins,JuHawkins@KMW.local,Juan Hawkins,Juan Hawkins
Johnny,Wall,Projects,Richmond,VA,JoWall,JoWall@KMW.local,Johnny Wall,Johnny Wall
Richard,Dunn,Projects,Richmond,VA,RiDunn,RiDunn@KMW.local,Richard Dunn,Richard Dunn
Jennifer,Flynn,Management,Richmond,VA,JeFlynn,JeFlynn@KMW.local,Jennifer Flynn,Jennifer Flynn
Russell,Austin,Projects,Richmond,VA,RuAustin,RuAustin@KMW.local,Russell Austin,Russell Austin
Linda,Gonzalez,Projects,Richmond,VA,LiGonzalez,LiGonzalez@KMW.local,Linda Gonzalez,Linda Gonzalez
Rebecca,Day,Projects,Richmond,VA,ReDay,ReDay@KMW.local,Rebecca Day,Rebecca Day
Marcus,Sloan,Management,Richmond,VA,MaSloan,MaSloan@KMW.local,Marcus Sloan,Marcus Sloan
Nancy,Robinson,Projects,Richmond,VA,NaRobinson,NaRobinson@KMW.local,Nancy Robinson,Nancy Robinson
Jonathan,Johnson,Projects,Richmond,VA,JoJohnson,JoJohnson@KMW.local,Jonathan Johnson,Jonathan Johnson
Jordan,Meyer,Projects,Richmond,VA,JoMeyer,JoMeyer@KMW.local,Jordan Meyer,Jordan Meyer
Jason,Steele,Projects,Richmond,VA,JaSteele,JaSteele@KMW.local,Jason Steele,Jason Steele
Doris,Alexander,Projects,Richmond,VA,DoAlexander,DoAlexander@KMW.local,Doris Alexander,Doris Alexander
Holly,Brown,Management,Richmond,VA,HoBrown,HoBrown@KMW.local,Holly Brown,Holly Brown
Justin,Gomez,Projects,Richmond,VA,JuGomez,JuGomez@KMW.local,Justin Gomez,Justin Gomez
Charlie,Osborn,Projects,Richmond,VA,ChOsborn,ChOsborn@KMW.local,Charlie Osborn,Charlie Osborn
Richard,Cook,Projects,Richmond,VA,RiCook,RiCook@KMW.local,Richard Cook,Richard Cook
Matthew,Rios,Projects,Richmond,VA,MaRios,MaRios@KMW.local,Matthew Rios,Matthew Rios
Jonathan,Nguyen,Projects,Richmond,VA,JoNguyen,JoNguyen@KMW.local,Jonathan Nguyen,Jonathan Nguyen
Frank,Anderson,Projects,Richmond,VA,FrAnderson,FrAnderson@KMW.local,Frank Anderson,Frank Anderson
John,Harris,Projects,Richmond,VA,JoHarris,JoHarris@KMW.local,John Harris,John Harris
Benjamin,Pierce,Projects,Richmond,VA,BePierce,BePierce@KMW.local,Benjamin Pierce,Benjamin Pierce
Linda,Thompson,Projects,Richmond,VA,LiThompson,LiThompson@KMW.local,Linda Thompson,Linda Thompson
Paul,Riley,Projects,Richmond,VA,PaRiley,PaRiley@KMW.local,Paul Riley,Paul Riley
Margaret,Erickson,Management,Richmond,VA,MaErickson,MaErickson@KMW.local,Margaret Erickson,Margaret Erickson
Merry,Jackson,Projects,Richmond,VA,MeJackson,MeJackson@KMW.local,Merry Jackson,Merry Jackson
Susan,Garcia,Management,Richmond,VA,SuGarcia,SuGarcia@KMW.local,Susan Garcia,Susan Garcia
Ronald,Sutton,Projects,Richmond,VA,RoSutton,RoSutton@KMW.local,Ronald Sutton,Ronald Sutton
Kenneth,Kim,Projects,Richmond,VA,KeKim,KeKim@KMW.local,Kenneth Kim,Kenneth Kim
Mark,Davis,Projects,Richmond,VA,MaDavis,MaDavis@KMW.local,Mark Davis,Mark Davis
Kathleen,Rivera,Projects,Richmond,VA,KaRivera,KaRivera@KMW.local,Kathleen Rivera,Kathleen Rivera
Jason,Bishop,Projects,Richmond,VA,JaBishop,JaBishop@KMW.local,Jason Bishop,Jason Bishop
Mary,Hall,Projects,Richmond,VA,MaHall,MaHall@KMW.local,Mary Hall,Mary Hall
Nancy,Rodgers,Administration,Richmond,VA,NaRodgers,NaRodgers@KMW.local,Nancy Rodgers,Nancy Rodgers
Judith,Chambers,Projects,Richmond,VA,JuChambers,JuChambers@KMW.local,Judith Chambers,Judith Chambers
Amy,Anthony,Projects,Richmond,VA,AmAnthony,AmAnthony@KMW.local,Amy Anthony,Amy Anthony
James,Johnson,Projects,Richmond,VA,JaJohnson,JaJohnson@KMW.local,James Johnson,James Johnson
Jennifer,Hunter,Projects,Richmond,VA,JeHunter,JeHunter@KMW.local,Jennifer Hunter,Jennifer Hunter
Patrick,Gallagher,Projects,Richmond,VA,PaGallagher,PaGallagher@KMW.local,Patrick Gallagher,Patrick Gallagher
Lawrence,Graham,Projects,Richmond,VA,LaGraham,LaGraham@KMW.local,Lawrence Graham,Lawrence Graham
Roger,Lee,Projects,Richmond,VA,RoLee,RoLee@KMW.local,Roger Lee,Roger Lee
Mark,Parsons,Projects,Richmond,VA,MaParsons,MaParsons@KMW.local,Mark Parsons,Mark Parsons
Eugene,Yu,Projects,Richmond,VA,EuYu,EuYu@KMW.local,Eugene Yu,Eugene Yu
Aaron,Shields,Projects,Richmond,VA,AaShields,AaShields@KMW.local,Aaron Shields,Aaron Shields
Linda,Lewis,Projects,Richmond,VA,LiLewis,LiLewis@KMW.local,Linda Lewis,Linda Lewis
Linda,Freeman,Management,Richmond,VA,LiFreeman,LiFreeman@KMW.local,Linda Freeman,Linda Freeman
Justin,Reid,Projects,Richmond,VA,JuReid,JuReid@KMW.local,Justin Reid,Justin Reid
Mary,Hamilton,Projects,Richmond,VA,MaHamilton,MaHamilton@KMW.local,Mary Hamilton,Mary Hamilton
Anthony,Holt,Projects,Richmond,VA,AnHolt,AnHolt@KMW.local,Anthony Holt,Anthony Holt
Emma,Torres,Projects,Richmond,VA,EmTorres,EmTorres@KMW.local,Emma Torres,Emma Torres
James,Garcia,Projects,Richmond,VA,JaGarcia,JaGarcia@KMW.local,James Garcia,James Garcia
Randall,Rose,Administration,Richmond,VA,RaRose,RaRose@KMW.local,Randall Rose,Randall Rose
Mary,Ford,Projects,Richmond,VA,MaFord,MaFord@KMW.local,Mary Ford,Mary Ford
Jason,Rodriguez,Management,Richmond,VA,JaRodriguez,JaRodriguez@KMW.local,Jason Rodriguez,Jason Rodriguez
